{"count":1,"self":1201.0371072,"total":1537.6365819999999,"children":{"InitializeActuators":{"count":2161,"self":0.011504,"total":0.011504,"children":null},"InitializeSensors":{"count":2161,"self":0.009259,"total":0.009259,"children":null},"AgentSendState":{"count":161726,"self":22.1506944,"total":26.922304999999998,"children":{"CollectObservations":{"count":446505,"self":0.252725,"total":0.252725,"children":null},"WriteActionMask":{"count":446505,"self":0.279253,"total":0.279253,"children":null},"RequestDecision":{"count":446505,"self":0.940402,"total":4.2396319999999994,"children":{"AgentInfo.ToProto":{"count":446505,"self":0.84709899999999994,"total":3.2992299999999997,"children":{"GenerateSensorData":{"count":446505,"self":2.03784,"total":2.452131,"children":{"RayPerceptionSensor.Perceive":{"count":446505,"self":0.41429099999999996,"total":0.41429099999999996,"children":null}}}}}}}}},"DecideAction":{"count":161726,"self":281.26801919999997,"total":281.268008,"children":null},"AgentAct":{"count":161726,"self":28.3624992,"total":28.362633,"children":{"AgentInfo.ToProto":{"count":11,"self":3.4E-05,"total":0.000134,"children":{"GenerateSensorData":{"count":11,"self":8.099999999999999E-05,"total":9.9999999999999991E-05,"children":{"RayPerceptionSensor.Perceive":{"count":11,"self":1.8999999999999998E-05,"total":1.8999999999999998E-05,"children":null}}}}}}},"AgentInfo.ToProto":{"count":2193,"self":0.008289,"total":0.025495999999999998,"children":{"GenerateSensorData":{"count":2193,"self":0.014431999999999999,"total":0.017207,"children":{"RayPerceptionSensor.Perceive":{"count":2193,"self":0.0027749999999999997,"total":0.0027749999999999997,"children":null}}}}}},"gauges":{"Player.CumulativeReward":{"count":63,"max":0,"min":-2,"runningAverage":-0.841269732,"value":-1,"weightedAverage":-0.68970567}},"metadata":{"timer_format_version":"0.1.0","start_time_seconds":"1682101407","unity_version":"2022.1.8f1","command_line_arguments":"\/Applications\/Unity\/Unity.app\/Contents\/MacOS\/Unity -projectpath \/Users\/kurtcampbell\/CU\/Unity\/ML\/Projects\/Galaga-AI -useHub -hubIPC -cloudEnvironment production","communication_protocol_version":"1.5.0","com.unity.ml-agents_version":"2.3.0-exp.3","scene_name":"Training","end_time_seconds":"1682102944"}}