{"count":1,"self":600.8044032,"total":853.919673,"children":{"InitializeActuators":{"count":5578,"self":0.030954,"total":0.030954,"children":null},"InitializeSensors":{"count":5578,"self":0.022289999999999997,"total":0.022289999999999997,"children":null},"AgentInfo.ToProto":{"count":140,"self":0.000941,"total":0.0044919999999999995,"children":{"GenerateSensorData":{"count":140,"self":0.003134,"total":0.003551,"children":{"RayPerceptionSensor.Perceive":{"count":140,"self":0.000417,"total":0.000417,"children":null}}}}},"AgentSendState":{"count":345918,"self":40.68336,"total":44.887738,"children":{"CollectObservations":{"count":843253,"self":0.43630199999999997,"total":0.43630199999999997,"children":null},"WriteActionMask":{"count":843253,"self":0.49268399999999996,"total":0.49268399999999996,"children":null},"RequestDecision":{"count":843253,"self":1.4303489999999999,"total":3.2753929999999998,"children":{"AgentInfo.ToProto":{"count":69184,"self":0.309815,"total":1.146181,"children":{"GenerateSensorData":{"count":69184,"self":0.71449999999999991,"total":0.83636599999999994,"children":{"RayPerceptionSensor.Perceive":{"count":69184,"self":0.12186599999999999,"total":0.12186599999999999,"children":null}}}}},"RayPerceptionSensor.Perceive":{"count":774069,"self":0.698863,"total":0.698863,"children":null}}}}},"DecideAction":{"count":345918,"self":203.49792,"total":203.49792399999998,"children":null},"AgentAct":{"count":345918,"self":4.658628,"total":4.658628,"children":null},"RayPerceptionSensor.Perceive":{"count":5569,"self":0.012653999999999999,"total":0.012653999999999999,"children":null}},"gauges":{"Player.CumulativeReward":{"count":139,"max":8.660017,"min":1.19067109,"runningAverage":3.75244355,"value":1.95044708,"weightedAverage":3.65941048}},"metadata":{"timer_format_version":"0.1.0","start_time_seconds":"1682564946","unity_version":"2022.1.8f1","command_line_arguments":"\/Applications\/Unity\/Unity.app\/Contents\/MacOS\/Unity -projectpath \/Users\/kurtcampbell\/CU\/Unity\/ML\/Projects\/Galaga-AI -useHub -hubIPC -cloudEnvironment production","communication_protocol_version":"1.5.0","com.unity.ml-agents_version":"2.3.0-exp.3","scene_name":"Training","end_time_seconds":"1682565800"}}